[
    {
        "name": "phpoffice/phpexcel",
        "version": "1.8.1",
        "version_normalized": "1.8.1.0",
        "source": {
            "type": "git",
            "url": "https://github.com/PHPOffice/PHPExcel.git",
            "reference": "372c7cbb695a6f6f1e62649381aeaa37e7e70b32"
        },
        "dist": {
            "type": "zip",
            "url": "https://api.github.com/repos/PHPOffice/PHPExcel/zipball/372c7cbb695a6f6f1e62649381aeaa37e7e70b32",
            "reference": "372c7cbb695a6f6f1e62649381aeaa37e7e70b32",
            "shasum": ""
        },
        "require": {
            "ext-xml": "*",
            "ext-xmlwriter": "*",
            "php": ">=5.2.0"
        },
        "time": "2015-05-01 07:00:55",
        "type": "library",
        "installation-source": "dist",
        "autoload": {
            "psr-0": {
                "PHPExcel": "Classes/"
            }
        },
        "notification-url": "https://packagist.org/downloads/",
        "license": [
            "LGPL"
        ],
        "authors": [
            {
                "name": "Maarten Balliauw",
                "homepage": "http://blog.maartenballiauw.be"
            },
            {
                "name": "Mark Baker"
            },
            {
                "name": "Franck Lefevre",
                "homepage": "http://blog.rootslabs.net"
            },
            {
                "name": "Erik Tilt"
            }
        ],
        "description": "PHPExcel - OpenXML - Read, Create and Write Spreadsheet documents in PHP - Spreadsheet engine",
        "homepage": "http://phpexcel.codeplex.com",
        "keywords": [
            "OpenXML",
            "excel",
            "php",
            "spreadsheet",
            "xls",
            "xlsx"
        ]
    }
]
